Date,AAPL,JPM,MSFT,SPY
2020-01-02,72.4005126953125,119.03641510009766,152.15838623046875,297.6990661621094
2020-01-03,71.6966323852539,117.4655990600586,150.26373291015625,295.44476318359375
2020-01-06,72.26793670654297,117.37216186523438,150.65219116210938,296.5719299316406
2020-01-07,71.92805480957031,115.37678527832031,149.278564453125,295.7380065917969
2020-01-08,73.0851058959961,116.27682495117188,151.65634155273438,297.3141174316406
2020-01-09,74.63748931884766,116.70137786865234,153.5509490966797,299.330078125
2020-01-10,74.80623626708984,115.53809356689453,152.84048461914062,298.4687194824219
2020-01-13,76.40442657470703,116.49761199951172,154.6782684326172,300.52142333984375
2020-01-14,75.37271881103516,117.85615539550781,153.58888244628906,300.063232421875
2020-01-15,75.04969024658203,116.09000396728516,154.58349609375,300.7413024902344
2020-01-16,75.98981475830078,116.54004669189453,157.416015625,303.24298095703125
2020-01-17,76.83109283447266,117.3467025756836,158.29702758789062,304.1868896484375
2020-01-21,76.3104019165039,116.19187927246094,157.7286376953125,303.5912170410156
2020-01-22,76.58279418945312,116.05606842041016,156.97079467773438,303.6278381347656
2020-01-23,76.95162963867188,115.93717193603516,157.9370574951172,303.97607421875
2020-01-24,76.72982788085938,113.05868530273438,156.3455352783203,301.2727966308594
2020-01-27,74.47357940673828,112.10769653320312,153.73095703125,296.4435729980469
2020-01-28,76.58038330078125,114.14554595947266,156.74343872070312,299.5500183105469
2020-01-29,78.18338775634766,113.9757080078125,159.18748474121094,299.30255126953125
2020-01-30,78.07011413574219,115.38528442382812,163.6777801513672,300.27398681640625
2020-01-31,74.60857391357422,112.38790893554688,161.2621307373047,294.8216552734375
2020-02-03,74.4036636352539,113.2455062866211,165.19349670410156,297.0116882324219
2020-02-04,76.86002349853516,114.87580108642578,170.63111877441406,301.53851318359375
2020-02-05,77.48674774169922,116.82874298095703,170.4227294921875,305.02069091796875
2020-02-06,78.39311981201172,116.84573364257812,173.9561767578125,306.0470275878906
2020-02-07,77.3275375366211,116.47212982177734,174.20249938964844,304.4159240722656
2020-02-10,77.69480895996094,116.95611572265625,178.75914001464844,306.6885070800781
2020-02-11,77.22605895996094,117.17687225341797,174.7235107421875,307.2200012207031
2020-02-12,79.06002807617188,117.17687225341797,174.9793243408203,309.1993103027344
2020-02-13,78.49701690673828,117.0749740600586,174.0320281982422,308.86944580078125
2020-02-14,78.51634979248047,116.71834564208984,175.5855712890625,309.36431884765625
2020-02-18,77.07868194580078,115.17300415039062,177.36654663085938,308.567138671875
2020-02-19,78.19497680664062,116.74385070800781,177.89846801757812,310.04241943359375
2020-02-20,77.39276885986328,116.74385070800781,175.18177795410156,308.76861572265625
2020-02-21,75.64100646972656,115.31731414794922,169.64382934570312,305.5888366699219
2020-02-24,72.04800415039062,112.21810150146484,162.32952880859375,295.453857421875
2020-02-25,69.60757446289062,107.20835876464844,159.6508331298828,286.50103759765625
2020-02-26,70.71182250976562,107.531005859375,161.6455841064453,285.44720458984375
2020-02-27,66.08952331542969,103.05622863769531,150.25621032714844,272.6272888183594
2020-02-28,66.05086517333984,98.58990478515625,153.8944091796875,271.4818420410156
2020-03-02,72.20023345947266,103.18357849121094,164.1343231201172,283.23876953125
2020-03-03,69.90721130371094,99.31165313720703,156.26913452148438,275.12890625
2020-03-04,73.14981842041016,101.76556396484375,162.00657653808594,286.69342041015625
2020-03-05,70.77706146240234,96.7728271484375,157.94100952148438,277.163330078125
2020-03-06,69.83712768554688,91.77157592773438,153.47640991210938,272.58148193359375
2020-03-09,64.31356811523438,79.34063720703125,143.0749053955078,251.2943572998047
2020-03-10,68.94554138183594,85.5051498413086,152.85894775390625,264.2975769042969
2020-03-11,66.55101776123047,81.48037719726562,145.93417358398438,251.41348266601562
2020-03-12,59.97880554199219,74.76394653320312,132.09400939941406,227.3589630126953
2020-03-13,67.16474914550781,88.23079681396484,150.87367248535156,246.79501342773438
2020-03-16,58.52421188354492,75.02716827392578,128.63632202148438,219.78977966308594
2020-03-17,61.09751892089844,79.61235046386719,139.2278289794922,231.6566925048828
2020-03-18,59.60185241699219,71.2316665649414,133.3668975830078,219.92723083496094
2020-03-19,59.14518356323242,72.42888641357422,135.56114196777344,220.39453125
2020-03-20,55.390323638916016,70.90050506591797,130.46971130371094,210.89683532714844
2020-03-23,54.21361541748047,67.10498046875,129.16830444335938,205.50454711914062
2020-03-24,59.652610778808594,75.08659362792969,140.9091339111328,224.1239471435547
2020-03-25,59.32398986816406,77.88866424560547,139.5602569580078,227.47914123535156
2020-03-26,62.44580841064453,83.314453125,148.28993225097656,240.76158142089844
2020-03-27,59.86040496826172,77.37920379638672,142.2010040283203,233.59034729003906
2020-03-30,61.56870651245117,79.39157104492188,152.2035369873047,241.1763916015625
2020-03-31,61.443050384521484,76.44515991210938,149.8097381591797,237.58152770996094
2020-04-01,58.2100944519043,71.6307373046875,144.49029541015625,226.8892059326172
2020-04-02,59.181434631347656,74.30543518066406,147.48251342773438,232.12477111816406
2020-04-03,58.330909729003906,72.10912322998047,146.12413024902344,228.7696075439453
2020-04-06,63.4195671081543,76.75053405761719,156.99105834960938,244.13519287109375
2020-04-07,62.68500900268555,77.76290130615234,155.3002471923828,244.3841094970703
2020-04-08,64.28939819335938,80.90292358398438,156.8581085205078,252.58770751953125
2020-04-09,64.75332641601562,88.16101837158203,156.86758422851562,256.4314270019531
2020-04-13,66.02427673339844,84.24028015136719,157.2190704345703,254.09010314941406
2020-04-14,69.35870361328125,81.93242645263672,164.998779296875,261.5840148925781
2020-04-15,68.72564697265625,77.89156341552734,163.2699432373047,256.02587890625
2020-04-16,69.27173614501953,74.9231185913086,168.17144775390625,257.26092529296875
2020-04-17,68.33180236816406,81.65789031982422,169.65335083007812,264.21099853515625
2020-04-20,66.91345977783203,78.68086242675781,166.29067993164062,259.55615234375
2020-04-21,64.84515380859375,76.39876556396484,159.41334533691406,251.67515563964844
2020-04-22,66.71292877197266,76.64757537841797,164.82777404785156,257.26092529296875
2020-04-23,66.45438385009766,76.69049072265625,162.83297729492188,257.2424621582031
2020-04-24,68.37288665771484,77.82293701171875,165.80621337890625,260.828125
2020-04-27,68.42122650146484,81.17745208740234,165.33126831054688,264.5888671875
2020-04-28,67.31212615966797,81.75225067138672,161.3036346435547,263.37213134765625
2020-04-29,69.52301788330078,83.9571533203125,168.54190063476562,270.2668151855469
2020-04-30,70.98967742919922,82.1554946899414,170.2327423095703,267.7505187988281
2020-05-01,69.8468017578125,80.0020980834961,165.8251953125,260.6622619628906
2020-05-04,70.8350601196289,79.04977416992188,169.88131713867188,261.3811950683594
2020-05-05,71.8982162475586,78.92967987060547,171.70510864257812,263.7961730957031
2020-05-06,72.64000701904297,77.44546508789062,173.3959503173828,262.0079040527344
2020-05-07,73.3914566040039,78.25189208984375,174.40286254882812,265.1695861816406
2020-05-08,75.13829040527344,79.53022003173828,175.4287567138672,269.5570983886719
2020-05-11,76.32061767578125,77.18809509277344,177.3855743408203,269.6123352050781
2020-05-12,75.44842529296875,74.66575622558594,173.36744689941406,264.2386474609375
2020-05-13,74.53742980957031,72.09197998046875,170.74571228027344,259.5652770996094
2020-05-14,74.995361328125,75.08613586425781,171.48663330078125,262.671630859375
2020-05-15,74.55197143554688,73.6962890625,173.98492431640625,263.879150390625
2020-05-18,76.30850219726562,77.59986114501953,175.64724731445312,271.91680908203125
2020-05-19,75.86758422851562,76.07276916503906,174.43136596679688,269.1239013671875
2020-05-20,77.3430404663086,78.3548583984375,176.85086059570312,273.6957702636719
2020-05-21,76.76642608642578,77.35968017578125,174.7266082763672,271.80621337890625
2020-05-22,77.26068115234375,76.75908660888672,174.8028564453125,272.3223876953125
2020-05-26,76.73734283447266,82.20699310302734,172.95494079589844,275.67755126953125
2020-05-27,77.0716781616211,86.96849822998047,173.1835174560547,279.7792663574219
2020-05-28,77.10559844970703,85.67303466796875,172.79295349121094,279.26312255859375
2020-05-29,77.03050231933594,83.48527526855469,174.55520629882812,280.507568359375
2020-06-01,77.97781372070312,84.5920181274414,174.15512084960938,281.641357421875
2020-06-02,78.33880615234375,84.87515258789062,176.13644409179688,283.9733581542969
2020-06-03,78.77008056640625,89.45648193359375,176.56507873535156,287.75250244140625
2020-06-04,78.09169006347656,91.31820678710938,174.24082946777344,286.9966735839844
2020-06-05,80.31580352783203,95.42769622802734,178.3177947998047,294.3523254394531
2020-06-08,80.79068756103516,97.33228302001953,179.42271423339844,297.9101867675781
2020-06-09,83.34190368652344,94.83572387695312,180.7943878173828,295.6888427734375
2020-06-10,85.48606872558594,90.99219512939453,187.5003662109375,294.03887939453125
2020-06-11,81.38182830810547,83.39949798583984,177.431884765625,277.0878601074219
2020-06-12,82.08446502685547,85.68157196044922,178.83212280273438,280.4061279296875
2020-06-15,83.0996322631836,86.86553955078125,179.97515869140625,283.0239562988281
2020-06-16,85.30193328857422,87.56047821044922,184.38552856445312,288.471435546875
2020-06-17,85.1832275390625,85.3470230102539,185.02374267578125,287.2731628417969
2020-06-18,85.2171401977539,84.88372039794922,187.0050811767578,287.3837890625
2020-06-19,84.73016357421875,83.91423034667969,185.89053344726562,285.7414245605469
2020-06-22,86.947021484375,83.0048599243164,191.05340576171875,287.5745544433594
2020-06-23,88.80288696289062,84.01720428466797,192.32980346679688,288.8984375
2020-06-24,87.23533630371094,81.21177673339844,188.45291137695312,281.52899169921875
2020-06-25,88.39342498779297,84.04293060302734,190.8342742919922,284.54718017578125
2020-06-26,85.67747497558594,79.43585205078125,187.01455688476562,277.7887268066406
2020-06-29,87.65206146240234,79.78759002685547,189.0244903564453,281.87152099609375
2020-06-30,88.38373565673828,80.69701385498047,193.85391235351562,285.4822082519531
2020-07-01,88.21656799316406,80.01065826416016,194.98741149902344,287.4819641113281
2020-07-02,88.21656799316406,80.27055358886719,196.47340393066406,289.06512451171875
2020-07-06,90.57636260986328,82.29767608642578,200.70272827148438,293.5274963378906
2020-07-07,90.29533386230469,79.97600555419922,198.36898803710938,290.5000915527344
2020-07-08,92.39832305908203,80.82498931884766,202.73167419433594,292.7220458984375
2020-07-09,92.795654296875,79.07506561279297,204.15101623535156,291.0555725097656
2020-07-10,92.95796203613281,83.39788818359375,203.5318603515625,294.0274658203125
2020-07-13,92.5291519165039,84.59336853027344,197.24501037597656,291.4814453125
2020-07-14,94.06037139892578,85.07845306396484,198.46424865722656,295.2587890625
2020-07-15,94.7072525024414,86.3952407836914,198.1689453125,297.9713439941406
2020-07-16,93.54190063476562,86.6377944946289,194.2444305419922,296.9900207519531
2020-07-17,93.35291290283203,85.03517150878906,193.25379943847656,297.8509826660156
2020-07-20,95.32023620605469,84.29014587402344,201.56005859375,300.25811767578125
2020-07-21,94.004638671875,86.11802673339844,198.84524536132812,300.8968811035156
2020-07-22,94.2686996459961,85.4942855834961,201.70294189453125,302.60968017578125
2020-07-23,89.97793579101562,85.74553680419922,192.929931640625,298.99908447265625
2020-07-24,89.75504302978516,85.13910675048828,191.74876403808594,297.07342529296875
2020-07-27,91.88225555419922,83.94364929199219,194.17774963378906,299.23974609375
2020-07-28,90.37286376953125,84.30747985839844,192.43460083007812,297.3418273925781
2020-07-29,92.10517883300781,86.35191345214844,194.37779235839844,300.9987487792969
2020-07-30,93.21965789794922,84.04757690429688,194.22537231445312,299.9248352050781
2020-07-31,102.97869110107422,83.7183837890625,195.28271484375,302.29486083984375
2020-08-03,105.5735092163086,83.25060272216797,206.26564025878906,304.3964538574219
2020-08-04,106.27854919433594,82.77416229248047,203.16986083984375,305.5722351074219
2020-08-05,106.66377258300781,84.21217346191406,202.83644104003906,307.4701232910156
2020-08-06,110.38516998291016,84.2381820678711,206.08465576171875,309.525390625
2020-08-07,107.8755111694336,86.092041015625,202.39828491210938,309.7476501464844
2020-08-10,109.4434585571289,87.18356323242188,198.36898803710938,310.67340087890625
2020-08-11,106.18860626220703,89.93836212158203,193.7300567626953,308.1089172363281
2020-08-12,109.71771240234375,89.176025390625,199.26438903808594,312.40478515625
2020-08-13,111.6594467163086,88.6822509765625,198.79766845703125,311.8399353027344
2020-08-14,111.55992889404297,88.71690368652344,198.98814392089844,311.8491516113281
2020-08-17,111.26866912841797,86.37791442871094,200.3026580810547,312.8398742675781
2020-08-18,112.19585418701172,85.17375946044922,201.45529174804688,313.5157165527344
2020-08-19,112.33662414550781,85.3730239868164,200.2330780029297,312.2103271484375
2020-08-20,114.82933807373047,84.35077667236328,204.89276123046875,313.18243408203125
2020-08-21,120.74675750732422,84.30747985839844,203.40316772460938,314.2933654785156
2020-08-24,122.19093322753906,86.68111419677734,204.0428924560547,317.4781799316406
2020-08-25,121.18851470947266,87.06229400634766,206.69744873046875,318.58905029296875
2020-08-26,122.8365707397461,85.84081268310547,211.16612243652344,321.783203125
2020-08-27,121.36812591552734,88.6649169921875,216.3509979248047,322.4867248535156
2020-08-28,121.17151641845703,89.02876281738281,218.57583618164062,324.5697937011719
2020-08-31,125.28070831298828,86.7937240600586,215.34840393066406,323.39398193359375
2020-09-01,130.27096557617188,86.75040435791016,217.00987243652344,326.4399719238281
2020-09-02,127.57195281982422,88.05851745605469,221.1920928955078,331.1615905761719
2020-09-03,117.35842895507812,87.78129577636719,207.48992919921875,319.7649230957031
2020-09-04,117.43611145019531,89.67848205566406,204.57763671875,317.1541442871094
2020-09-08,109.53324890136719,86.55982971191406,193.5108642578125,308.4884948730469
2020-09-09,113.90216064453125,87.38280487060547,201.75128173828125,314.580322265625
2020-09-10,110.18373107910156,86.48187255859375,196.09849548339844,309.1180419921875
2020-09-11,108.73715209960938,87.55606842041016,194.81898498535156,309.2754211425781
2020-09-14,111.99925994873047,88.76886749267578,196.13671875,313.34906005859375
2020-09-15,112.17401885986328,86.0053939819336,199.3546142578125,314.93212890625
2020-09-16,108.86333465576172,86.3692626953125,195.7930145263672,313.682373046875
2020-09-17,107.12548065185547,85.38167572021484,193.7495880126953,310.92340087890625
2020-09-18,103.7274398803711,85.19975280761719,191.34336853027344,307.3437805175781
2020-09-21,106.87306213378906,82.56623077392578,193.3962860107422,303.9232482910156
2020-09-22,108.55269622802734,81.66529083251953,198.0559844970703,307.0184326171875
2020-09-23,103.99929809570312,80.33985137939453,191.53431701660156,299.89849853515625
2020-09-24,105.0672607421875,80.27055358886719,194.0169677734375,300.6978454589844
2020-09-25,109.00896453857422,80.9722671508789,198.4379119873047,305.5591735839844
2020-09-28,111.61091613769531,83.3025894165039,199.9847869873047,310.63427734375
2020-09-29,110.76626586914062,82.60087585449219,197.9031982421875,308.9425964355469
2020-09-30,112.43614196777344,83.39788818359375,200.83460998535156,311.2849426269531
2020-10-01,113.38758087158203,84.00425720214844,202.8684539794922,313.28338623046875
2020-10-02,109.72740173339844,84.80126190185547,196.88153076171875,310.3089904785156
2020-10-05,113.10604858398438,86.59363555908203,200.8823699951172,315.811767578125
2020-10-06,109.86334991455078,85.70181274414062,196.61416625976562,311.3221130371094
2020-10-07,111.72740936279297,87.19692993164062,200.357177734375,316.7412414550781
2020-10-08,111.6206283569336,88.98929595947266,201.07333374023438,319.54840087890625
2020-10-09,113.56236267089844,88.482177734375,206.0672149658203,322.4019470214844
2020-10-12,120.77588653564453,89.56637573242188,211.4048309326172,327.588623046875
2020-10-13,117.57202911376953,88.11497497558594,212.79891967773438,325.4508056640625
2020-10-14,117.65938568115234,87.62535858154297,210.8892364501953,323.40582275390625
2020-10-15,117.19342041015625,88.93684387207031,209.743408203125,323.00616455078125
2020-10-16,115.55262756347656,88.75324249267578,209.743408203125,322.81103515625
2020-10-19,112.60118103027344,87.25813293457031,204.5489959716797,317.9031677246094
2020-10-20,114.08661651611328,87.75650024414062,204.95957946777344,319.1765441894531
2020-10-21,113.46527099609375,86.88215637207031,205.10279846191406,318.57232666015625
2020-10-22,112.37786865234375,89.95106506347656,205.188720703125,320.3198547363281
2020-10-23,111.68856811523438,90.76419830322266,206.46824645996094,321.4073791503906
2020-10-26,111.69828796386719,88.51715850830078,200.59585571289062,315.4677734375
2020-10-27,113.203125,86.84717559814453,203.622802734375,314.3802490234375
2020-10-28,107.96044158935547,84.40780639648438,193.5299835205078,303.6351318359375
2020-10-29,111.96043395996094,84.95865631103516,195.4778594970703,306.7210998535156
2020-10-30,105.6886215209961,85.71930694580078,193.32940673828125,303.5235290527344
2020-11-02,105.60123443603516,87.65158081054688,193.19573974609375,306.92559814453125
2020-11-03,107.22258758544922,90.41447448730469,197.11068725585938,312.3446044921875
2020-11-04,111.60121154785156,87.65158081054688,206.6210174560547,319.3253173828125
2020-11-05,115.56233978271484,91.236328125,213.20948791503906,325.5530090332031
2020-11-06,115.43104553222656,90.02099609375,213.6201171875,325.4787292480469
2020-11-09,113.12611389160156,102.20918273925781,208.5307159423828,329.5685119628906
2020-11-10,112.78573608398438,101.8769302368164,201.48391723632812,329.0852355957031
2020-11-11,116.20907592773438,100.3555908203125,206.77383422851562,331.5299377441406
2020-11-12,115.93675231933594,99.12279510498047,205.7139129638672,328.313720703125
2020-11-13,115.98539733886719,99.74356842041016,206.73562622070312,332.8590393066406
2020-11-16,116.9968490600586,102.55891418457031,207.42308044433594,337.01397705078125
2020-11-17,116.11180877685547,101.51844787597656,204.77816772460938,335.20135498046875
2020-11-18,114.78916931152344,100.76653289794922,202.07838439941406,331.167236328125
2020-11-19,115.38243103027344,101.0375747680664,203.36126708984375,332.56158447265625
2020-11-20,114.11812591552734,100.17198944091797,201.41783142089844,330.28424072265625
2020-11-23,110.72393798828125,103.05728149414062,201.1497802734375,332.26409912109375
2020-11-24,112.00769805908203,107.82237243652344,204.73985290527344,337.6181640625
2020-11-25,112.84408569335938,106.6944808959961,204.74945068359375,337.0975646972656
2020-11-27,113.38870239257812,105.98627471923828,206.0514678955078,338.0364685058594
2020-11-30,115.78116607666016,103.06600952148438,204.94090270996094,336.5398864746094
2020-12-01,119.35037994384766,104.69225311279297,206.98965454101562,340.2207336425781
2020-12-02,119.70051574707031,106.7032470703125,206.18545532226562,340.9365539550781
2020-12-03,119.5643539428711,106.0037612915039,205.1036376953125,340.84356689453125
2020-12-04,118.89329528808594,106.96553039550781,205.2185516357422,343.78076171875
2020-12-07,120.35210418701172,106.56332397460938,205.15155029296875,343.0743408203125
2020-12-08,120.96479034423828,106.66825866699219,206.79820251464844,344.0782470703125
2020-12-09,118.43619537353516,105.83763122558594,202.76773071289062,340.9922790527344
2020-12-10,119.85609436035156,105.1556625366211,201.54232788085938,340.8807067871094
2020-12-11,119.04890441894531,104.5348892211914,204.1654510498047,340.4809875488281
2020-12-14,118.43619537353516,103.4332275390625,205.06536865234375,338.9566650390625
2020-12-15,124.36870574951172,105.19938659667969,204.9983673095703,343.53912353515625
2020-12-16,124.30062866210938,105.50538635253906,209.92869567871094,344.0782470703125
2020-12-17,125.16619110107422,104.63103485107422,210.06272888183594,346.0023193359375
2020-12-18,123.18221282958984,104.1152114868164,209.2681427001953,344.62078857421875
2020-12-21,124.7090835571289,108.0234603881836,213.09756469726562,343.3885803222656
2020-12-22,128.25888061523438,106.37970733642578,214.38999938964844,342.8099060058594
2020-12-23,127.36415100097656,109.35245513916016,211.5945587158203,343.1178894042969
2020-12-24,128.346435546875,108.87156677246094,213.25074768066406,344.4527893066406
2020-12-28,132.9368133544922,109.58849334716797,215.36654663085938,347.4118347167969
2020-12-29,131.16676330566406,109.30001068115234,214.591064453125,346.74920654296875
2020-12-30,130.04837036132812,109.60599517822266,212.2263641357422,347.24383544921875
2020-12-31,129.046630859375,111.10111999511719,212.93484497070312,349.0081481933594
2021-01-04,125.85668182373047,110.05191802978516,208.4065704345703,344.2567443847656
2021-01-05,127.41275024414062,110.65074920654297,208.6075439453125,346.6277770996094
2021-01-06,123.12384796142578,115.84642028808594,203.19854736328125,348.7000732421875
2021-01-07,127.32524108886719,119.65074157714844,208.98094177246094,353.880859375
2021-01-08,128.42420959472656,119.78284454345703,210.25421142578125,355.89715576171875
2021-01-11,125.43848419189453,121.57049560546875,208.21505737304688,353.49810791015625
2021-01-12,125.26344299316406,123.48146057128906,205.76425170898438,353.57275390625
2021-01-13,127.29602813720703,123.59595489501953,207.1140594482422,354.52496337890625
2021-01-14,125.37043762207031,124.31807708740234,203.9357147216797,353.2834777832031
2021-01-15,123.64899444580078,122.09008026123047,203.5814666748047,350.70709228515625
2021-01-19,124.32007598876953,121.56169891357422,207.20980834960938,353.4608459472656
2021-01-20,128.40475463867188,119.73881530761719,214.77291870117188,358.3522644042969
2021-01-21,133.11187744140625,118.73490905761719,215.3760528564453,358.6789245605469
2021-01-22,135.25144958496094,117.81902313232422,216.31427001953125,357.409423828125
2021-01-25,138.99574279785156,116.34837341308594,219.74160766601562,358.8190002441406
2021-01-26,139.22918701171875,115.87283325195312,222.4222412109375,358.2588806152344
2021-01-27,138.15936279296875,112.596923828125,222.96791076660156,349.5028991699219
2021-01-28,133.32579040527344,114.57832336425781,228.74075317382812,352.50860595703125
2021-01-29,128.336669921875,113.31023406982422,222.0679931640625,345.4516296386719
2021-02-01,130.45680236816406,114.14680480957031,229.4300079345703,351.2017517089844
2021-02-02,131.28350830078125,117.6604995727539,229.29598999023438,356.1678466796875
2021-02-03,130.26229858398438,119.00788116455078,232.63714599609375,356.44793701171875
2021-02-04,133.61758422851562,121.74661254882812,231.68939208984375,360.4992370605469
2021-02-05,133.2036590576172,121.50886535644531,231.8712921142578,361.91815185546875
2021-02-08,133.34970092773438,123.4110107421875,232.12979125976562,364.53179931640625
2021-02-09,132.47311401367188,122.91787719726562,233.3743438720703,364.2891845703125
2021-02-10,131.86924743652344,122.98831939697266,232.46487426757812,364.1304016113281
2021-02-11,131.6160125732422,122.64486694335938,234.06365966796875,364.718505859375
2021-02-12,131.84979248046875,124.38851928710938,234.54232788085938,366.5201110839844
2021-02-16,129.72653198242188,127.38261413574219,233.3072967529297,366.20269775390625
2021-02-17,127.43755340576172,127.7789306640625,234.32447814941406,366.2868347167969
2021-02-18,126.33695220947266,128.21043395996094,233.93099975585938,364.7278747558594
2021-02-19,126.4927749633789,130.35037231445312,231.22509765625,364.083740234375
2021-02-22,122.72342681884766,131.5743865966797,225.0263214111328,361.2833251953125
2021-02-23,122.58707427978516,132.6311798095703,223.83645629882812,361.7221374511719
2021-02-24,122.09033203125,134.96481323242188,225.064697265625,365.7079772949219
2021-02-25,117.84371948242188,133.1331024169922,219.7295684814453,356.8959655761719
2021-02-26,118.106689453125,129.601806640625,222.98245239257812,355.0570373535156
2021-03-01,124.4668960571289,132.53431701660156,227.3580780029297,363.6636962890625
2021-03-02,121.8663330078125,132.10281372070312,224.4122314453125,360.825927734375
2021-03-03,118.88589477539062,134.6566619873047,218.35736083984375,356.0465087890625
2021-03-04,117.0060806274414,132.58712768554688,217.56094360351562,351.6405944824219
2021-03-05,118.26253509521484,132.8953857421875,222.23402404785156,358.1094970703125
2021-03-08,113.33412170410156,134.6566619873047,218.19427490234375,356.3266296386719
2021-03-09,117.94110107421875,133.70559692382812,224.32583618164062,361.4139404296875
2021-03-10,116.86000061035156,136.61160278320312,223.0208282470703,363.6636962890625
2021-03-11,118.78849792480469,135.89830017089844,227.54039001464844,367.3509826660156
2021-03-12,117.88268280029297,137.50985717773438,226.21615600585938,367.845703125
2021-03-15,120.76570892333984,136.8229522705078,225.31419372558594,370.03936767578125
2021-03-16,122.30461883544922,135.18496704101562,228.09689331054688,369.57257080078125
2021-03-17,121.51567840576172,136.57635498046875,227.45404052734375,370.83282470703125
2021-03-18,117.39567565917969,138.83078002929688,221.38958740234375,365.437255859375
2021-03-19,116.86972045898438,136.62042236328125,221.03453063964844,364.7611389160156
2021-03-22,120.18130493164062,132.94822692871094,226.44647216796875,367.6737976074219
2021-03-23,119.35342407226562,131.61843872070312,227.97213745117188,364.7799072265625
2021-03-24,116.96713256835938,132.63998413085938,225.93792724609375,362.925537109375
2021-03-25,117.45413208007812,134.33956909179688,222.9440460205078,364.9671630859375
2021-03-26,118.05802917480469,136.57635498046875,226.91664123535156,370.8486022949219
2021-03-29,118.23330688476562,134.4540557861328,225.726806640625,370.6612854003906
2021-03-30,116.78206634521484,136.03919982910156,222.47389221191406,369.677978515625
2021-03-31,118.97356414794922,134.05776977539062,226.23536682128906,371.1763610839844
2021-04-01,119.80146026611328,135.36114501953125,232.54930114746094,375.18475341796875
2021-04-05,122.62605285644531,136.07862854003906,238.9975128173828,380.56982421875
2021-04-06,122.927978515625,135.12196350097656,237.83644104003906,380.3450927734375
2021-04-07,124.57402801513672,137.23904418945312,239.79396057128906,380.7852478027344
2021-04-08,126.97007751464844,137.4073486328125,243.00845336914062,382.59271240234375
2021-04-09,129.54144287109375,138.4348907470703,245.50332641601562,385.3742370605469
2021-04-12,127.8271713256836,138.142578125,245.5608673095703,385.5147705078125
2021-04-13,130.9342498779297,136.49496459960938,248.03656005859375,386.6572265625
2021-04-14,128.5966339111328,133.94383239746094,245.25384521484375,385.3368225097656
2021-04-15,131.00242614746094,134.79421997070312,249.00570678710938,389.47625732421875
2021-04-16,130.67123413085938,135.79518127441406,250.19561767578125,390.7780456542969
2021-04-19,131.33355712890625,135.21937561035156,248.2764434814453,388.8581237792969
2021-04-20,129.6485595703125,132.22532653808594,247.81585693359375,386.0110778808594
2021-04-21,130.02841186523438,133.350341796875,250.0419921875,389.66357421875
2021-04-22,128.50897216796875,130.5422821044922,246.76992797851562,386.104736328125
2021-04-23,130.82708740234375,133.040283203125,250.5889892578125,390.291015625
2021-04-26,131.2166748046875,133.3680419921875,250.9728240966797,391.1057434082031
2021-04-27,130.89523315429688,133.97926330566406,251.37582397460938,391.0216064453125
2021-04-28,130.1063232421875,134.8473358154297,244.26551818847656,390.9091796875
2021-04-29,130.00892639160156,137.4693603515625,242.29840087890625,393.4003601074219
2021-04-30,128.0414581298828,136.24696350097656,241.9817352294922,390.8155517578125
2021-05-03,129.09336853027344,135.84828186035156,241.67469787597656,391.6583557128906
2021-05-04,124.52532958984375,137.72625732421875,237.76927185058594,389.24212646484375
2021-05-05,124.76885986328125,139.5333251953125,236.5026092529297,389.3638610839844
2021-05-06,126.36621856689453,142.34133911132812,239.63082885742188,392.4732360839844
2021-05-07,127.03939056396484,142.8285369873047,242.25039672851562,395.3296203613281
2021-05-10,123.76119995117188,142.81082153320312,237.18392944335938,391.4149169921875
2021-05-11,122.84408569335938,140.43685913085938,236.27235412597656,387.921630859375
2021-05-12,119.78053283691406,139.47129821777344,229.33474731445312,379.6800537109375
2021-05-13,121.9269790649414,143.05882263183594,233.20179748535156,384.2409973144531
2021-05-14,124.3465805053711,145.28224182128906,238.11468505859375,390.1412048339844
2021-05-17,123.19532012939453,145.86688232421875,235.2648162841797,389.1485290527344
2021-05-18,121.80989837646484,143.8118133544922,233.249755859375,385.795654296875
2021-05-19,121.65380096435547,142.71336364746094,233.82679748535156,384.7841796875
2021-05-20,124.21002197265625,142.46536254882812,237.05836486816406,388.9236755371094
2021-05-21,122.37579345703125,144.0863494873047,235.79847717285156,388.6053161621094
2021-05-24,124.00508880615234,144.86590576171875,241.19400024414062,392.56689453125
2021-05-25,123.80998229980469,143.36888122558594,242.09811401367188,391.6958312988281
2021-05-26,123.76119995117188,143.3511505126953,241.8769073486328,392.4732360839844
2021-05-27,122.22944641113281,145.58340454101562,239.78018188476562,392.6792297363281
2021-05-28,121.57575988769531,145.48597717285156,240.13604736328125,393.3816833496094
2021-06-01,121.25377655029297,147.0892791748047,237.94322204589844,393.0351257324219
2021-06-02,122.0147705078125,147.0981903076172,237.84707641601562,393.6531982421875
2021-06-03,120.53179168701172,147.19558715820312,236.31784057617188,392.1922302246094
2021-06-04,122.82456970214844,147.43478393554688,241.20362854003906,395.7791748046875
2021-06-07,122.83434295654297,146.74380493164062,244.1082000732422,395.39520263671875
2021-06-08,123.65384674072266,146.15919494628906,242.9156036376953,395.4794616699219
2021-06-09,124.03437042236328,144.3344268798828,243.8966064453125,394.889404296875
2021-06-10,123.03921508789062,142.08445739746094,247.40707397460938,396.7249450683594
2021-06-11,124.2490234375,141.9870147705078,248.0322723388672,397.380615234375
2021-06-14,127.30282592773438,139.57757568359375,249.95582580566406,398.270263671875
2021-06-15,126.48326110839844,137.46051025390625,248.48428344726562,397.53985595703125
2021-06-16,126.98085021972656,138.42605590820312,247.54173278808594,395.3202209472656
2021-06-17,128.58087158203125,134.43101501464844,250.92718505859375,395.1890869140625
2021-06-18,127.28328704833984,131.02947998046875,249.51336669921875,389.8578796386719
2021-06-21,129.07850646972656,133.25286865234375,252.59109497070312,395.4390869140625
2021-06-22,130.7175750732422,133.0580291748047,255.3608856201172,397.5531311035156
2021-06-23,130.4443817138672,133.86407470703125,255.13015747070312,397.073974609375
2021-06-24,130.1614990234375,135.0953369140625,256.4958801269531,399.4230041503906
2021-06-25,129.86875915527344,136.45953369140625,254.88973999023438,400.84173583984375
2021-06-28,131.4981231689453,136.70758056640625,258.44830322265625,401.6497497558594
2021-06-29,133.0103759765625,136.5392608642578,261.0258483886719,401.8658447265625
2021-06-30,133.62501525878906,137.7794189453125,260.54486083984375,402.2042236328125
2021-07-01,133.92747497558594,139.14353942871094,261.21820068359375,404.4309997558594
2021-07-02,136.55197143554688,139.0099334716797,267.036865234375,407.52227783203125
2021-07-06,138.5618133544922,136.67568969726562,267.0465393066406,406.7799377441406
2021-07-07,141.04969787597656,136.8360595703125,269.229736328125,408.21759033203125
2021-07-08,139.7521209716797,134.47512817382812,266.8157043457031,404.8914489746094
2021-07-09,141.5765838623047,138.77822875976562,267.31585693359375,409.2135314941406
2021-07-12,140.98146057128906,140.7650146484375,266.7196044921875,410.6793212890625
2021-07-13,142.09364318847656,138.67132568359375,270.2395935058594,409.2792663574219
2021-07-14,145.51820373535156,138.1991729736328,271.7110595703125,409.8900451660156
2021-07-15,144.864501953125,138.50210571289062,270.2877197265625,408.4901428222656
2021-07-16,142.8253936767578,135.3393096923828,270.0184326171875,405.28607177734375
2021-07-19,138.98133850097656,130.9381866455078,266.42144775390625,399.30078125
2021-07-20,142.59124755859375,133.37930297851562,268.6430969238281,405.02294921875
2021-07-21,141.8594970703125,136.1857147216797,270.6435241699219,408.3021545410156
2021-07-22,143.2254180908203,134.46620178222656,275.20233154296875,409.1572265625
2021-07-23,144.9425811767578,134.2078399658203,278.5975036621094,413.3665466308594
2021-07-26,145.3621063232422,135.10768127441406,278.0010986328125,414.38140869140625
2021-07-27,143.19613647460938,134.9294891357422,275.5870361328125,412.4927673339844
2021-07-28,141.4497528076172,135.1522216796875,275.279296875,412.3236083984375
2021-07-29,142.09364318847656,136.31039428710938,275.54864501953125,414.0336608886719
2021-07-30,142.30825805664062,135.2235107421875,274.0194091796875,412.0229797363281
2021-08-02,141.97657775878906,134.68002319335938,273.9328308105469,411.1585388183594
2021-08-03,143.7717742919922,136.21241760253906,276.14495849609375,414.5035095214844
2021-08-04,143.3717803955078,134.74241638183594,275.5582275390625,412.4646301269531
2021-08-05,143.4790496826172,136.44407653808594,278.4532165527344,415.07666015625
2021-08-06,142.79507446289062,140.3195343017578,278.3954772949219,415.76251220703125
2021-08-09,142.74623107910156,140.1680908203125,277.3086853027344,415.42431640625
2021-08-10,142.2675018310547,141.88758850097656,275.4909362792969,415.9410705566406
2021-08-11,142.521484375,143.58033752441406,275.9814453125,416.9747009277344
2021-08-12,145.482177734375,144.14154052734375,278.7320861816406,418.2242736816406
2021-08-13,145.68736267089844,142.52903747558594,281.6559143066406,418.9853820800781
2021-08-16,147.66111755371094,141.59352111816406,283.3389892578125,419.97198486328125
2021-08-17,146.75241088867188,139.88302612304688,281.8771057128906,417.2189636230469
2021-08-18,143.0100860595703,138.60899353027344,280.1521911621094,412.6524353027344
2021-08-19,143.34225463867188,137.45079040527344,285.9725036621094,413.29144287109375
2021-08-20,144.7982177734375,137.84280395507812,293.2863464355469,416.5800476074219
2021-08-23,146.2834014892578,139.60679626464844,293.5657653808594,420.2444152832031
2021-08-24,146.1954345703125,140.4710235595703,291.6096496582031,420.9115295410156
2021-08-25,144.9643096923828,143.36648559570312,291.0218505859375,421.7947998046875
2021-08-26,144.1630859375,144.10595703125,288.20806884765625,419.3049011230469
2021-08-27,145.1988067626953,145.26414489746094,288.815185546875,423.0538330078125
2021-08-30,149.61538696289062,142.93887329101562,292.5443115234375,424.91424560546875
2021-08-31,148.3548583984375,142.5023193359375,290.8965148925781,424.28472900390625
2021-09-01,149.01930236816406,142.29739379882812,290.84832763671875,424.5102233886719
2021-09-02,150.13320922851562,142.9566650390625,290.1930847167969,425.8162536621094
2021-09-03,150.76834106445312,142.0924835205078,290.18353271484375,425.712890625
2021-09-07,153.10365295410156,141.843017578125,289.2583923339844,424.1907043457031
2021-09-08,151.559814453125,141.21046447753906,289.2872619628906,423.67401123046875
2021-09-09,150.54359436035156,141.8251953125,286.4350280761719,421.8605651855469
2021-09-10,145.5603485107422,140.19483947753906,284.9510498046875,418.53436279296875
2021-09-13,146.12704467773438,142.42213439941406,286.1844482421875,419.6055603027344
2021-09-14,144.72976684570312,139.93646240234375,288.8826599121094,417.3410949707031
2021-09-15,145.6189422607422,140.90756225585938,293.7295837402344,420.8269348144531
2021-09-16,145.38446044921875,140.84519958496094,294.1151428222656,420.1598815917969
2021-09-17,142.71690368652344,140.47994995117188,288.9597473144531,416.0669860839844
2021-09-20,139.66835021972656,136.27481079101562,283.59234619140625,409.1294860839844
2021-09-21,140.14715576171875,136.2926025390625,284.0741882324219,408.7430419921875
2021-09-22,142.51174926757812,138.9029998779297,287.71661376953125,412.73016357421875
2021-09-23,143.4692840576172,143.59808349609375,288.6610107421875,417.74493408203125
2021-09-24,143.55728149414062,145.25521850585938,288.4586486816406,418.43304443359375
2021-09-27,142.04275512695312,148.76547241210938,283.4671325683594,417.2359619140625
2021-09-28,138.6619415283203,147.96363830566406,273.2046203613281,408.82781982421875
2021-09-29,139.56089782714844,147.8478240966797,273.6670837402344,409.51593017578125
2021-09-30,138.26129150390625,145.83432006835938,271.6628112792969,404.5107421875
2021-10-01,139.385009765625,148.8991241455078,278.5815734863281,409.3179626464844
2021-10-04,135.95533752441406,148.73875427246094,272.8094177246094,404.0394287109375
2021-10-05,137.8802490234375,151.16766357421875,278.25390625,408.24346923828125
2021-10-06,138.74984741210938,151.4903564453125,282.44561767578125,409.9400939941406
2021-10-07,140.01034545898438,152.44937133789062,284.122314453125,413.4842834472656
2021-10-08,139.62925720214844,152.5658416748047,284.122314453125,412.73016357421875
2021-10-11,139.5413360595703,149.35716247558594,283.5248718261719,409.7421569824219
2021-10-12,138.27110290527344,148.2099151611328,282.2239685058594,408.73358154296875
2021-10-13,137.68482971191406,144.30209350585938,285.5291748046875,410.20404052734375
2021-10-14,140.4696044921875,146.51593017578125,291.73492431640625,417.1039123535156
2021-10-15,141.52487182617188,149.330322265625,293.1418151855469,420.2805480957031
2021-10-18,143.1957244873047,149.27647399902344,296.1097412109375,421.5247802734375
2021-10-19,145.35511779785156,151.0869598388672,297.01556396484375,424.7768249511719
2021-10-20,145.84371948242188,153.12158203125,296.22540283203125,426.4451904296875
2021-10-21,146.05868530273438,151.9205322265625,299.4535217285156,427.5574951171875
2021-10-22,145.28675842285156,153.96408081054688,297.91168212890625,427.114501953125
2021-10-25,145.23793029785156,153.21121215820312,296.9191589355469,429.405029296875
2021-10-26,145.90234375,153.6234893798828,298.82708740234375,429.7914733886719
2021-10-27,145.44309997558594,150.42376708984375,311.4119567871094,427.88739013671875
2021-10-28,149.07794189453125,152.69134521484375,312.5489807128906,432.01605224609375
2021-10-29,146.37132263183594,152.2700958251953,319.5545654296875,432.89263916015625
2021-11-01,145.55056762695312,152.18942260742188,317.3863525390625,433.63726806640625
2021-11-02,146.58631896972656,152.78993225097656,321.0096130371094,435.3905029296875
2021-11-03,148.02267456054688,152.84371948242188,321.8478698730469,438.0487365722656
2021-11-04,147.5048065185547,150.83604431152344,324.19915771484375,440.1130676269531
2021-11-05,148.03323364257812,150.6208953857422,323.8329772949219,441.63995361328125
2021-11-08,147.21124267578125,151.52618408203125,324.7291564941406,442.0171203613281
2021-11-09,147.57325744628906,150.37892150878906,323.7269287109375,440.5560302734375
2021-11-10,144.7453155517578,150.23553466796875,318.7643737792969,437.0118103027344
2021-11-11,144.6964111328125,150.22657775878906,320.3350524902344,437.1531982421875
2021-11-12,146.7708740234375,149.55435180664062,324.4690246582031,440.45233154296875
2021-11-15,146.7806854248047,149.2854461669922,323.8426208496094,440.60321044921875
2021-11-16,147.75918579101562,148.2099151611328,327.1574401855469,442.34698486328125
2021-11-17,150.19577026367188,147.41221618652344,327.3795471191406,441.2724304199219
2021-11-18,154.4817657470703,146.1394805908203,329.4549865722656,442.7711181640625
2021-11-19,157.10426330566406,144.2303924560547,331.2313537597656,441.97943115234375
2021-11-22,157.56414794921875,147.3046875,328.0649108886719,440.735107421875
2021-11-23,157.94578552246094,150.82708740234375,325.98931884765625,441.319580078125
2021-11-24,158.4644012451172,149.6439666748047,326.2113952636719,442.4978332519531
2021-11-26,153.4445037841797,145.1356658935547,318.2662658691406,432.6286315917969
2021-11-29,156.80093383789062,144.5082550048828,324.9756774902344,437.9355773925781
2021-11-30,161.75233459472656,142.357177734375,319.144775390625,429.4144287109375
2021-12-01,161.23367309570312,141.51466369628906,318.6524353027344,424.644775390625
2021-12-02,160.24534606933594,144.49034118652344,318.08282470703125,431.1487731933594
2021-12-03,158.3665313720703,141.87319946289062,311.8272399902344,427.397216796875
2021-12-06,161.77186584472656,143.5492401123047,314.8971862792969,432.4590148925781
2021-12-07,167.506103515625,145.7093048095703,323.3248596191406,441.4043273925781
2021-12-08,171.32240295410156,144.04217529296875,323.3731994628906,442.5732116699219
2021-12-09,170.81353759765625,143.81813049316406,321.5679626464844,439.5851135253906
2021-12-10,175.59860229492188,143.24449157714844,330.6811218261719,443.7232360839844
2021-12-13,171.9682159423828,141.5415496826172,327.6497497558594,439.7925109863281
2021-12-14,170.58851623535156,142.62603759765625,316.9726867675781,436.7667236328125
2021-12-15,175.45181274414062,141.55947875976562,323.0643005371094,443.59124755859375
2021-12-16,168.56292724609375,143.77330017089844,313.65179443359375,439.6794738769531
2021-12-17,167.46694946289062,140.50180053710938,312.58990478515625,434.9999084472656
2021-12-20,166.10678100585938,137.97433471679688,308.8345947265625,430.3744201660156
2021-12-21,169.27723693847656,139.90133666992188,315.9590148925781,438.0174560546875
2021-12-22,171.8704071044922,140.44805908203125,321.6644592285156,442.39703369140625
2021-12-23,172.4966583251953,140.94998168945312,323.10284423828125,445.14971923828125
2021-12-27,176.45973205566406,141.75665283203125,330.5942687988281,451.4494934082031
2021-12-28,175.4420166015625,142.18687438964844,329.43572998046875,451.08056640625
2021-12-29,175.53012084960938,142.1151580810547,330.1114807128906,451.6576232910156
2021-12-30,174.3754425048828,142.04347229003906,327.57257080078125,450.40899658203125
2021-12-31,173.75897216796875,141.9269256591797,324.6763916015625,449.27386474609375
2022-01-03,178.1036376953125,144.9295196533203,323.1607971191406,451.8751220703125
2022-01-04,175.84326171875,150.42376708984375,317.61944580078125,451.7237854003906
2022-01-05,171.1658477783203,147.67372131347656,305.4267883300781,443.0497131347656
2022-01-06,168.30848693847656,149.2425994873047,303.0133056640625,442.6334533691406
2022-01-07,168.47486877441406,150.7213134765625,303.1678161621094,440.883544921875
2022-01-10,168.49441528320312,150.8655548095703,303.3898010253906,440.3349304199219
2022-01-11,171.32240295410156,151.0188446044922,304.0752258300781,444.34564208984375
2022-01-12,171.76275634765625,151.8754119873047,307.2513732910156,445.5469055175781
2022-01-13,168.49441528320312,151.68605041503906,294.24761962890625,439.4078674316406
2022-01-14,169.35552978515625,142.36293029785156,299.4607849121094,439.58770751953125
2022-01-18,166.15576171875,136.39395141601562,292.17205810546875,431.8027038574219
2022-01-19,162.662353515625,134.28407287597656,292.8285827636719,427.31915283203125
2022-01-20,160.9792938232422,133.13893127441406,291.1584167480469,422.5895080566406
2022-01-21,158.92430114746094,130.8126678466797,285.78125,414.2938232421875
2022-01-24,158.15127563476562,130.69546508789062,286.1094970703125,416.0531311035156
2022-01-25,156.35076904296875,132.12008666992188,278.50238037109375,410.9736022949219
2022-01-26,156.26271057128906,133.37338256835938,286.4377136230469,409.9425354003906
2022-01-27,155.80282592773438,131.02005004882812,289.4593505859375,407.9182434082031
2022-01-28,166.6743621826172,132.19219970703125,297.5879211425781,418.049072265625
2022-01-31,171.0288543701172,133.9865264892578,300.2137145996094,425.57861328125
2022-02-01,170.86248779296875,136.28575134277344,298.0705261230469,428.4541931152344
2022-02-02,172.0660858154297,135.1947784423828,302.60784912109375,432.61627197265625
2022-02-03,169.18917846679688,134.07666015625,290.820556640625,422.4476013183594
2022-02-04,168.905029296875,137.5570526123047,295.3481750488281,424.4340515136719
2022-02-07,168.18978881835938,138.01693725585938,290.531005859375,423.0718994140625
2022-02-08,171.29574584960938,140.6136932373047,294.0159606933594,426.55291748046875
2022-02-09,172.71644592285156,141.1997833251953,300.43572998046875,432.79595947265625
2022-02-10,168.6405029296875,140.6136932373047,291.9114685058594,425.0205078125
2022-02-11,165.23086547851562,138.78334045410156,284.8255615234375,416.6396179199219
2022-02-14,165.46600341796875,137.49398803710938,284.78692626953125,415.27752685546875
2022-02-15,169.2969207763672,139.50465393066406,290.06756591796875,421.9746398925781
2022-02-16,169.0618133544922,139.7571563720703,289.7290344238281,422.4476013183594
2022-02-17,165.46600341796875,136.53819274902344,281.2450866699219,413.4235534667969
2022-02-18,163.91795349121094,137.17837524414062,278.5364685058594,410.74658203125
2022-02-22,160.99819946289062,136.93490600585938,278.3333435058594,406.3386535644531
2022-02-23,156.83412170410156,134.06765747070312,271.1263427734375,399.1307067871094
2022-02-24,159.45013427734375,130.3347625732422,284.9792175292969,405.13726806640625
2022-02-25,161.51748657226562,133.41844177246094,287.61041259765625,414.0762023925781
2022-02-28,161.78201293945312,127.85520935058594,289.0421447753906,413.0168151855469
2022-03-01,159.9008331298828,123.03136444091797,285.32745361328125,406.7264404296875
2022-03-02,163.19290161132812,125.58306121826172,290.396484375,414.20867919921875
2022-03-03,162.86956787109375,124.6904067993164,286.2658386230469,412.1465148925781
2022-03-04,159.8714141845703,121.18294525146484,280.40350341796875,408.7980041503906
2022-03-07,156.0796661376953,116.50334930419922,269.8106689453125,396.7470397949219
2022-03-08,154.25726318359375,115.6828384399414,266.8505554199219,393.7389831542969
2022-03-09,159.6558837890625,120.3173828125,279.087890625,404.2954406738281
2022-03-10,155.31546020507812,118.89273071289062,276.27276611328125,402.4698181152344
2022-03-11,151.60206604003906,116.21480560302734,270.932861328125,397.3523864746094
2022-03-14,147.57513427734375,117.36893463134766,267.4212951660156,394.4483642578125
2022-03-15,151.95480346679688,119.45174407958984,277.7818908691406,403.12249755859375
2022-03-16,156.36383056640625,124.78958129882812,284.7857666015625,412.0613708496094
2022-03-17,157.3730010986328,126.36747741699219,285.588623046875,417.2167053222656
2022-03-18,160.6650848388672,126.32242584228516,290.6285400390625,421.7863464355469
2022-03-21,162.0367431640625,125.91666412353516,289.4001159667969,421.6629638671875
2022-03-22,165.40725708007812,128.59458923339844,294.14019775390625,426.5970153808594
2022-03-23,166.76910400390625,126.03387451171875,289.7192687988281,421.1032409667969
2022-03-24,170.5510711669922,126.85438537597656,294.178955078125,427.4510498046875
2022-03-25,171.18797302246094,127.96341705322266,293.7725830078125,429.53851318359375
2022-03-28,172.05015563964844,127.01668548583984,300.5635986328125,432.5938415527344
2022-03-29,175.34225463867188,127.29618072509766,305.1199645996094,437.9454345703125
2022-03-30,174.17630004882812,126.71910858154297,303.6204528808594,435.24114990234375
2022-03-31,171.08021545410156,122.91414642333984,298.2516174316406,428.542236328125
2022-04-01,170.78627014160156,122.0034408569336,299.32537841796875,429.7568359375
2022-04-04,174.832763671875,122.54447174072266,304.6943054199219,433.4383850097656
2022-04-05,171.5210723876953,121.11837768554688,300.7377624511719,427.9634094238281
2022-04-06,168.3563995361328,119.43793487548828,289.7290344238281,423.6841125488281
2022-04-07,168.6601104736328,119.07459259033203,291.5379943847656,425.8190002441406
2022-04-08,166.65155029296875,121.25460815429688,287.2815246582031,424.6803894042969
2022-04-11,162.39927673339844,120.80953979492188,275.9536437988281,417.421630859375
2022-04-12,164.27066040039062,119.48335266113281,272.8580322265625,415.875
2022-04-13,166.95529174804688,115.63197326660156,278.236572265625,420.63818359375
2022-04-14,161.94857788085938,114.56012725830078,270.7007751464844,415.4005432128906
2022-04-18,161.7330322265625,116.68566131591797,271.3681640625,415.57135009765625
2022-04-19,164.0159149169922,119.10184478759766,275.99224853515625,422.2797546386719
2022-04-20,163.84934997558594,119.51969146728516,277.0177001953125,421.9666442871094
2022-04-21,163.05572509765625,118.59315490722656,271.64874267578125,415.65673828125
2022-04-22,158.51930236816406,115.1868896484375,265.0899353027344,404.2514343261719
2022-04-25,159.5873260498047,115.15054321289062,271.56170654296875,406.5951232910156
2022-04-26,153.63021850585938,111.74427795410156,261.40423583984375,394.81982421875
2022-04-27,153.40489196777344,110.2909164428711,273.98016357421875,395.9299621582031
2022-04-28,160.3319549560547,112.0349349975586,280.1809997558594,405.9309387207031
2022-04-29,154.4630126953125,108.41973114013672,268.4660949707031,390.9295654296875
2022-05-02,154.76675415039062,109.40983581542969,275.18939208984375,393.28265380859375
2022-05-03,156.2560577392578,111.75334930419922,272.5871276855469,395.0854797363281
2022-05-04,162.66383361816406,115.4503173828125,280.5195617675781,407.1169738769531
2022-05-05,153.60081481933594,112.56177520751953,268.3016357421875,392.6469421386719
2022-05-06,154.32691955566406,112.38009643554688,265.7671203613281,390.3032531738281
2022-05-09,149.20492553710938,110.69058990478516,255.9482879638672,377.8067626953125
2022-05-10,151.60894775390625,107.99281311035156,260.707763671875,378.67974853515625
2022-05-11,143.74932861328125,107.31156158447266,252.0496826171875,372.66400146484375
2022-05-12,139.88331604003906,107.22073364257812,247.01937866210938,372.2749328613281
2022-05-13,144.34788513183594,108.17449188232422,252.60107421875,381.17523193359375
2022-05-16,142.80735778808594,107.42056274414062,252.96875,379.6286315917969
2022-05-17,146.43789672851562,110.98126983642578,258.11517333984375,387.4377136230469
2022-05-18,138.17596435546875,109.08282470703125,246.36325073242188,371.8195495605469
2022-05-19,134.7711639404297,107.46595764160156,245.4518280029297,369.542236328125
2022-05-20,135.00660705566406,106.58488464355469,244.88943481445312,369.70355224609375
2022-05-23,140.42298889160156,113.17943572998047,252.73365783691406,376.6207580566406
2022-05-24,137.72462463378906,114.77812957763672,251.73501586914062,373.74566650390625
2022-05-25,137.8816375732422,115.5774917602539,254.54685974121094,377.04766845703125
2022-05-26,141.08041381835938,117.57584381103516,257.8243103027344,384.58160400390625
2022-05-27,146.83038330078125,119.23809814453125,264.9413757324219,394.0228271484375
2022-05-31,146.0453643798828,120.11009216308594,263.61297607421875,391.8118896484375
2022-06-01,145.9178466796875,118.00273895263672,264.146240234375,388.642822265625
2022-06-02,148.37086486816406,119.90119934082031,266.2405700683594,396.04388427734375
2022-06-03,142.6503448486328,118.22982788085938,261.819091796875,389.544189453125
2022-06-06,143.39608764648438,117.83924865722656,260.5876770019531,390.7302551269531
2022-06-07,145.9178466796875,118.14808654785156,264.2238464355469,394.4781799316406
2022-06-08,145.1819305419922,116.26781463623047,262.1973571777344,390.18939208984375
2022-06-09,139.96180725097656,113.82437133789062,256.74798583984375,380.9095153808594
2022-06-10,134.55528259277344,108.59233093261719,245.30633544921875,369.8648376464844
2022-06-13,129.4038543701172,105.35861206054688,234.90228271484375,355.82177734375
2022-06-14,130.26731872558594,103.60551452636719,237.0644989013672,354.74957275390625
2022-06-15,132.8871612548828,104.831787109375,244.11373901367188,359.806884765625
2022-06-16,127.61797332763672,103.03327941894531,237.52996826171875,347.8987731933594
2022-06-17,129.08984375,102.66992950439453,240.12855529785156,348.6487731933594
2022-06-21,133.31890869140625,105.21328735351562,246.03359985351562,357.425537109375
2022-06-22,132.80868530273438,104.62286376953125,245.44212341308594,356.7774353027344
2022-06-23,135.67388916015625,103.47834777832031,250.99807739257812,360.2748107910156
2022-06-24,139.0001983642578,106.56671142578125,259.56964111328125,371.7293701171875
2022-06-27,139.0001983642578,105.71286010742188,256.844970703125,370.3094482421875
2022-06-28,134.8594512939453,105.20420837402344,248.6903839111328,362.74298095703125
2022-06-29,136.61581420898438,104.73188781738281,252.35557556152344,362.4476013183594
2022-06-30,134.15298461914062,102.2884292602539,249.02975463867188,359.5029296875
2022-07-01,136.3214569091797,103.59644317626953,251.69622802734375,363.3052062988281
2022-07-05,138.90208435058594,103.20240020751953,254.866943359375,363.99139404296875
2022-07-06,140.23655700683594,102.53343963623047,258.1248779296875,365.2206726074219
2022-07-07,143.60215759277344,105.12680053710938,260.2483215332031,370.6906433105469
2022-07-08,144.27920532226562,104.7968978881836,259.5307922363281,370.3857421875
2022-07-11,142.14991760253906,103.42232513427734,256.4765319824219,366.1545715332031
2022-07-12,143.121337890625,103.52312469482422,245.9657440185547,362.9145202636719
2022-07-13,142.75830078125,102.55177307128906,245.04457092285156,361.00860595703125
2022-07-14,145.68234252929688,98.9687271118164,246.36325073242188,360.1318664550781
2022-07-15,147.35043334960938,103.50479888916016,248.923095703125,367.01226806640625
2022-07-18,144.3086395263672,102.44180297851562,246.52810668945312,363.9819030761719
2022-07-19,148.16481018066406,104.98017883300781,251.647705078125,373.8163757324219
2022-07-20,150.16651916503906,104.96184539794922,254.30450439453125,376.19873046875
2022-07-21,152.4331817626953,105.67662048339844,256.79644775390625,380.0296630859375
2022-07-22,151.19680786132812,105.1634521484375,252.45252990722656,376.50372314453125
2022-07-25,150.07821655273438,105.5849838256836,250.96902465820312,376.9610900878906
2022-07-26,148.75355529785156,103.93550109863281,244.24948120117188,372.50128173828125
2022-07-27,153.8461151123047,105.6032943725586,260.5780029296875,382.17376708984375
2022-07-28,154.39561462402344,105.20926666259766,268.01507568359375,386.9671325683594
2022-07-29,159.45872497558594,105.7132797241211,272.21356201171875,392.6086730957031
2022-08-01,158.47750854492188,104.659423828125,269.5665283203125,391.4460754394531
2022-08-02,157.0056610107422,103.02828216552734,266.4733581542969,388.86358642578125
2022-08-03,163.0107421875,104.10960388183594,273.8909912109375,394.95294189453125
2022-08-04,162.69674682617188,102.96411895751953,275.03515625,394.6861572265625
2022-08-05,162.47076416015625,106.07982635498047,274.317626953125,394.0190734863281
2022-08-08,161.99911499023438,104.78772735595703,271.8063049316406,393.5616149902344
2022-08-09,162.04824829101562,105.7315902709961,273.7261657714844,391.998779296875
2022-08-10,166.2930450439453,108.4898910522461,280.3778381347656,400.2323303222656
2022-08-11,165.55609130859375,110.09355163574219,278.3028869628906,400.2323303222656
2022-08-12,169.1032257080078,111.91712951660156,283.0443420410156,407.0078430175781
2022-08-15,170.1742706298828,112.21956634521484,284.55694580078125,408.6850280761719
2022-08-16,170.0170135498047,113.29170227050781,283.82000732421875,409.48553466796875
2022-08-17,171.51055908203125,112.33866882324219,283.0718688964844,406.5789794921875
2022-08-18,171.11753845214844,111.4681167602539,281.954345703125,407.7607421875
2022-08-19,168.5333251953125,108.70980834960938,278.0481262207031,402.2811584472656
2022-08-22,164.65211486816406,106.9137191772461,269.8860778808594,393.90472412109375
2022-08-23,164.3180389404297,105.85987854003906,268.61309814453125,392.95172119140625
2022-08-24,164.61276245117188,106.11648559570312,267.9815673828125,394.20965576171875
2022-08-25,167.06927490234375,108.63652801513672,270.9549255371094,399.77490234375
2022-08-26,160.77088928222656,105.08097839355469,260.4994812011719,386.2428894042969
2022-08-29,158.5699005126953,104.82437896728516,257.72052001953125,383.68902587890625
2022-08-30,156.14292907714844,104.84272003173828,255.52450561523438,379.4769592285156
2022-08-31,154.4823455810547,104.21957397460938,254.0669403076172,376.58941650390625
2022-09-01,155.20944213867188,104.93435668945312,253.0272216796875,377.7711486816406
2022-09-02,153.0968780517578,104.20124053955078,248.81015014648438,373.7877502441406
2022-09-06,151.8391876220703,104.2287368774414,246.07969665527344,372.37738037109375
2022-09-07,153.24429321289062,106.20812225341797,250.7826385498047,379.067138671875
2022-09-08,151.77041625976562,108.68233489990234,251.2004852294922,381.54486083984375
2022-09-09,154.6297149658203,109.20465850830078,256.9723815917969,387.4721984863281
2022-09-12,160.58419799804688,110.49675750732422,259.1002502441406,391.63665771484375
2022-09-13,151.1611785888672,106.65715026855469,244.85537719726562,374.6073303222656
2022-09-14,152.6055908203125,106.40972900390625,245.07888793945312,376.0367431640625
2022-09-15,149.71676635742188,108.01338195800781,238.4325408935547,371.7674865722656
2022-09-16,148.07586669921875,107.28943634033203,237.8106689453125,368.9313659667969
2022-09-19,151.79002380371094,108.27913665771484,237.59690856933594,371.7923583984375
2022-09-20,154.1678924560547,106.14397430419922,235.58547973632812,367.52471923828125
2022-09-21,151.04331970214844,103.08325958251953,232.18455505371094,361.1136474609375
2022-09-22,150.08038330078125,101.91030883789062,234.15707397460938,358.0803527832031
2022-09-23,147.81056213378906,100.01339721679688,231.18374633789062,352.0807800292969
2022-09-26,148.14463806152344,97.85993194580078,230.72705078125,348.5978088378906
2022-09-27,149.11740112304688,96.99851989746094,229.71649169921875,347.7079772949219
2022-09-28,147.2308349609375,98.95957946777344,234.2445526123047,354.5495300292969
2022-09-29,139.99903869628906,97.28260803222656,230.77561950683594,347.14337158203125
2022-09-30,135.79354858398438,95.76142120361328,226.30589294433594,341.77532958984375
2022-10-03,139.9695281982422,98.7213134765625,233.92391967773438,350.7986145019531
2022-10-04,143.5559844970703,103.33985900878906,241.83343505859375,361.6687316894531
2022-10-05,143.8507537841797,102.06393432617188,242.1443634033203,360.8266296386719
2022-10-06,142.89761352539062,99.983642578125,239.80258178710938,357.10443115234375
2022-10-07,137.65061950683594,97.98656463623047,227.6079559326172,347.14337158203125
2022-10-10,137.97488403320312,97.07122802734375,222.75921630859375,344.4927978515625
2022-10-11,136.5599365234375,94.26976013183594,219.02792358398438,342.3111572265625
2022-10-12,135.93109130859375,95.79531860351562,219.35830688476562,341.1819763183594
2022-10-13,140.50010681152344,101.1208724975586,227.6079559326172,350.18621826171875
2022-10-14,135.97039794921875,102.8036117553711,222.0887451171875,342.2059326171875
2022-10-17,139.93023681640625,107.12137603759766,230.80479431152344,350.9996032714844
2022-10-18,141.24688720703125,109.87659454345703,231.74734497070312,355.1237487792969
2022-10-19,141.35499572753906,107.72233581542969,229.78451538085938,352.6070556640625
2022-10-20,140.89315795898438,107.37100982666016,229.4638671875,349.650390625
2022-10-21,144.7056121826172,113.01090240478516,235.2648162841797,358.1474609375
2022-10-24,146.84762573242188,113.14960479736328,240.24960327148438,362.5298156738281
2022-10-25,149.6873016357422,113.4454574584961,243.5630340576172,368.31890869140625
2022-10-26,146.74940490722656,114.74911499023438,224.77059936523438,365.5439758300781
2022-10-27,142.27857971191406,115.20216369628906,220.32998657226562,363.59197998046875
2022-10-28,153.02809143066406,116.5705337524414,229.1918182373047,372.2420654296875
2022-10-31,150.66989135742188,116.38561248779297,225.5576934814453,369.55328369140625
2022-11-01,148.02671813964844,118.4843978881836,221.70980834960938,367.9361267089844
2022-11-02,142.5045928955078,117.39341735839844,213.8682861328125,358.7024230957031
2022-11-03,136.46170043945312,117.60606384277344,208.1839141845703,355.00885009765625
2022-11-04,136.19595336914062,120.82357788085938,215.1217498779297,360.1185607910156
2022-11-07,136.72743225097656,121.46155548095703,221.41830444335938,363.5632629394531
2022-11-08,137.2982940673828,121.53550720214844,222.38999938964844,365.52490234375
2022-11-09,132.74134826660156,119.9544906616211,218.15342712402344,357.9942932128906
2022-11-10,144.55194091796875,124.89173889160156,236.10047912597656,377.6675720214844
2022-11-11,147.33729553222656,125.09512329101562,240.11354064941406,381.3227844238281
2022-11-14,145.93971252441406,123.80996704101562,234.71096801757812,378.07904052734375
2022-11-15,147.67190551757812,122.91313171386719,235.1190948486328,381.30364990234375
2022-11-16,146.441650390625,123.07953643798828,235.54782104492188,378.394775390625
2022-11-17,148.3411865234375,122.54328918457031,235.4990692138672,377.2369689941406
2022-11-18,148.9021759033203,123.74523162841797,235.05084228515625,378.94976806640625
2022-11-21,145.6739501953125,123.01480865478516,235.859619140625,377.57183837890625
2022-11-22,147.8096923828125,124.85472106933594,238.76341247558594,382.65283203125
2022-11-23,148.6856689453125,126.18612670898438,241.24818420410156,385.0641784667969
2022-11-25,145.7723846435547,126.42649841308594,241.16050720214844,384.9780578613281
2022-11-28,141.94378662109375,124.2167739868164,235.57704162597656,378.8349304199219
2022-11-29,138.94190979003906,126.26007843017578,234.1836395263672,378.1842956542969
2022-11-30,145.6936492919922,127.75791931152344,248.61485290527344,390.0972900390625
2022-12-01,145.96923828125,125.96424102783203,248.17637634277344,389.81024169921875
2022-12-02,145.47711181640625,124.96568298339844,248.49795532226562,389.36053466796875
2022-12-05,144.3157501220703,121.46155548095703,243.8011932373047,382.35626220703125
2022-12-06,140.6544952392578,121.66495513916016,238.8511199951172,376.8446350097656
2022-12-07,138.71556091308594,121.58173370361328,238.12026977539062,376.20361328125
2022-12-08,140.39854431152344,122.85763549804688,241.07281494140625,379.15069580078125
2022-12-09,139.91632080078125,122.19198608398438,239.14344787597656,376.318359375
2022-12-12,142.2095184326172,124.08732604980469,246.05210876464844,381.7438659667969
2022-12-13,143.17404174804688,123.9671401977539,250.34933471679688,384.6335754394531
2022-12-14,140.94973754882812,123.34770965576172,250.64170837402344,382.1744079589844
2022-12-15,134.34564208984375,120.2873306274414,242.64163208007812,372.8258361816406
2022-12-16,132.38702392578125,119.53842163085938,238.43212890625,368.42413330078125
2022-12-19,130.28082275390625,120.25032043457031,234.300537109375,365.30010986328125
2022-12-20,130.21192932128906,120.83282470703125,235.61602783203125,365.7999267578125
2022-12-21,133.31219482421875,122.19198608398438,238.1787567138672,371.26953125
2022-12-22,130.1430206298828,120.80509948730469,232.09835815429688,365.97296142578125
2022-12-23,129.7788543701172,121.37832641601562,232.62454223632812,368.078125
2022-12-27,127.97773742675781,121.80364227294922,230.89979553222656,366.6265869140625
2022-12-28,124.05072784423828,122.46932220458984,228.53196716308594,362.0702209472656
2022-12-29,127.5643539428711,123.17201232910156,234.84620666503906,368.587646484375
2022-12-30,127.87931060791016,123.98564910888672,233.68667602539062,367.6166687011719
2023-01-03,123.09603118896484,124.92870330810547,233.4528045654297,366.0690612792969
2023-01-04,124.36566162109375,126.09368133544922,223.2408447265625,368.8952331542969
2023-01-05,123.04680633544922,126.06574249267578,216.6244659423828,364.684814453125
2023-01-06,127.57418823242188,128.47805786132812,219.17745971679688,373.0478210449219
2023-01-09,128.09584045410156,127.94715118408203,221.3114776611328,372.8363342285156
2023-01-10,128.6667022705078,129.09278869628906,222.99722290039062,375.4510803222656
2023-01-11,131.38314819335938,130.05215454101562,229.74026489257812,380.19964599609375
2023-01-12,131.30441284179688,129.92173767089844,232.41014099121094,381.58392333984375
2023-01-13,132.63307189941406,133.20028686523438,233.11172485351562,383.0642395019531
2023-01-17,133.79446411132812,131.14186096191406,234.20310974121094,382.36248779296875
2023-01-18,133.07595825195312,127.20201110839844,229.7792205810547,376.3257751464844
2023-01-19,133.1350555419922,125.50686645507812,225.99844360351562,373.5861511230469
2023-01-20,135.69400024414062,125.81426239013672,234.0764617919922,380.54571533203125
2023-01-23,138.88284301757812,127.8540267944336,236.37608337402344,385.11175537109375
2023-01-24,140.2804412841797,128.9530792236328,235.84988403320312,384.69842529296875
2023-01-25,139.62103271484375,129.57711791992188,234.4564666748047,384.8426208496094
2023-01-26,141.68788146972656,130.37811279296875,241.65745544433594,389.0721740722656
2023-01-27,143.62677001953125,130.69480895996094,241.81336975097656,389.96612548828125
2023-01-30,140.7430419921875,129.58645629882812,236.50274658203125,385.07330322265625
2023-01-31,142.0126495361328,130.3594970703125,241.47232055664062,390.73516845703125
2023-02-01,143.13467407226562,130.01486206054688,246.28598022460938,394.8877868652344
2023-02-02,148.4396209716797,129.4095001220703,257.8328857421875,400.63616943359375
2023-02-03,152.06155395507812,131.41200256347656,251.74276733398438,396.3778076171875
2023-02-06,149.3352508544922,132.18505859375,250.20318603515625,393.9553527832031
2023-02-07,152.20916748046875,133.79638671875,260.7172546386719,399.1077575683594
2023-02-08,149.52224731445312,132.85568237304688,259.908447265625,394.7436218261719
2023-02-09,148.48880004882812,130.78793334960938,256.8779296875,391.32147216796875
2023-02-10,148.8535614013672,131.3654022216797,256.371337890625,392.2347106933594
2023-02-13,151.6529541015625,132.7904815673828,264.3810729980469,396.83917236328125
2023-02-14,151.0122528076172,133.3772430419922,265.2093200683594,396.6565246582031
2023-02-15,153.1118621826172,133.93612670898438,263.0895080566406,397.9446716308594
2023-02-16,151.51498413085938,132.09190368652344,256.0854187011719,392.4653625488281
2023-02-17,150.37155151367188,132.48309326171875,252.0900115966797,391.4849853515625
2023-02-21,146.35964965820312,130.05215454101562,246.82467651367188,383.63140869140625
2023-02-22,146.78353881835938,129.05552673339844,245.69154357910156,383.1026916503906
2023-02-23,147.26651000976562,130.08941650390625,248.87612915039062,385.1405944824219
2023-02-24,144.6149444580078,131.26295471191406,243.45449829101562,381.02630615234375
2023-02-27,145.80767822265625,132.4085693359375,244.37278747558594,382.3240661621094
2023-02-28,145.30494689941406,133.51695251464844,243.64988708496094,380.9110412597656
2023-03-01,143.23492431640625,132.77186584472656,240.57276916503906,379.4498596191406
2023-03-02,143.8263702392578,131.39334106445312,245.30079650878906,382.40093994140625
2023-03-03,148.87326049804688,133.80569458007812,249.38409423828125,388.53387451171875
2023-03-06,151.63328552246094,133.02334594726562,250.9275360107422,388.8030090332031
2023-03-07,149.4351348876953,129.11141967773438,248.27044677734375,382.8431396484375
2023-03-08,150.68699645996094,128.34768676757812,247.8308868408203,383.4679870605469
2023-03-09,148.4395294189453,121.39938354492188,246.4827880859375,376.39306640625
2023-03-10,146.37937927246094,124.48235321044922,242.839111328125,370.9618835449219
2023-03-13,148.3212890625,122.24694061279297,248.0457763671875,370.4331970214844
2023-03-14,150.4109649658203,125.38578796386719,254.75685119628906,376.5564880371094
2023-03-15,150.80528259277344,119.46205139160156,259.29931640625,374.2014465332031
2023-03-16,153.62445068359375,121.78125,269.8103942871094,380.7668151855469
2023-03-17,152.78656005859375,117.18011474609375,272.9656677246094,376.3146057128906
2023-03-20,155.15228271484375,118.41888427734375,265.9322204589844,379.9331359863281
2023-03-21,157.00543212890625,121.59497833251953,267.44635009765625,384.92181396484375
2023-03-22,155.57615661621094,118.45614624023438,265.9908142089844,378.3602600097656
2023-03-23,156.6604461669922,118.13945770263672,271.236572265625,379.38311767578125
2023-03-24,157.9615936279297,116.34184265136719,274.0792541503906,381.8726501464844
2023-03-27,156.01971435546875,119.67630004882812,269.9862060546875,382.5867004394531
2023-03-28,155.3987274169922,120.0395278930664,268.8628234863281,381.7278747558594
2023-03-29,158.47413635253906,120.28170013427734,274.02069091796875,387.2762756347656
2023-03-30,160.0414581298828,119.91844940185547,277.478759765625,389.5438537597656
2023-03-31,162.545166015625,121.37145233154297,281.63037109375,395.03436279296875
2023-04-03,163.79702758789062,121.23171997070312,280.585205078125,396.5396423339844
2023-04-04,163.2647705078125,119.61107635498047,280.5362548828125,394.339599609375
2023-04-05,161.42144775390625,119.78943634033203,277.7620849609375,393.30712890625
2023-04-06,162.30862426757812,119.65802764892578,284.8540954589844,394.84130859375
2023-04-10,159.71620178222656,120.05227661132812,282.69525146484375,395.24658203125
2023-04-11,158.50376892089844,120.6436767578125,276.2869873046875,395.3528137207031
2023-04-12,157.81373596191406,120.62489318847656,276.9316711425781,393.7413330078125
2023-04-13,163.1957550048828,121.08486938476562,283.1347961425781,398.97125244140625
2023-04-14,162.85076904296875,130.22793579101562,279.5203857421875,397.9966735839844
2023-04-17,162.8704833984375,131.26052856445312,282.1188659667969,399.4248046875
2023-04-18,164.09274291992188,132.73428344726562,281.69879150390625,399.6853332519531
2023-04-19,165.23622131347656,132.5653533935547,281.7769470214844,399.6177673339844
2023-04-20,164.27017211914062,132.18048095703125,279.4909973144531,397.43707275390625
2023-04-21,162.66346740722656,131.92701721191406,279.1491394042969,397.74578857421875
2023-04-24,162.96905517578125,132.1053924560547,275.2514953613281,398.1607666015625
2023-04-25,161.43133544921875,129.23291015625,269.0484313964844,391.8403625488281
2023-04-26,161.42144775390625,126.94244384765625,288.536865234375,390.18072509765625
2023-04-27,166.00506591796875,128.6509246826172,297.77801513671875,397.948486328125
2023-04-28,167.2569122314453,129.76795959472656,300.15179443359375,401.3450012207031
2023-05-01,167.16822814941406,132.5465850830078,298.4911193847656,400.93975830078125
2023-05-02,166.13320922851562,130.40631103515625,298.3446044921875,396.4334411621094
2023-05-03,165.0587615966797,127.64646911621094,297.35797119140625,393.71240234375
2023-05-04,163.4224395751953,125.90047454833984,298.3446044921875,390.9237365722656
2023-05-05,171.0913848876953,128.35989379882812,303.4634094238281,398.1607666015625
2023-05-08,171.02236938476562,128.669677734375,301.5096435546875,398.266845703125
2023-05-09,169.31710815429688,128.05014038085938,299.8978576660156,396.52032470703125
2023-05-10,171.08152770996094,128.1158447265625,305.0849914550781,398.373046875
2023-05-11,171.268798828125,127.7121810913086,302.9358825683594,397.67828369140625
2023-05-12,170.3409423828125,125.8817138671875,301.822265625,397.1572265625
2023-05-15,169.847412109375,126.94244384765625,302.3009033203125,398.5274353027344
2023-05-16,169.847412109375,126.0882339477539,304.5281982421875,395.8641662597656
2023-05-17,170.45941162109375,129.96511840820312,307.40643310546875,400.66961669921875
2023-05-18,172.78892517089844,130.95079040527344,311.8315124511719,404.5293273925781
2023-05-19,172.89749145507812,130.65037536621094,311.6552734375,403.940673828125
2023-05-22,171.9499053955078,129.57086181640625,314.4356689453125,404.1047668457031
2023-05-23,169.34396362304688,128.21910095214844,308.6399841308594,399.56951904296875
2023-05-24,169.62037658691406,127.04568481445312,307.2596130371094,396.6747131347656
2023-05-25,170.75552368164062,127.35549926757812,319.0761413574219,400.10992431640625
2023-05-26,173.1639862060547,128.54763793945312,325.8997802734375,405.2915954589844
2023-05-30,175.00985717773438,129.03579711914062,324.2550354003906,405.44598388671875
2023-05-31,174.96051025390625,127.39299774169922,321.4942932128906,403.19769287109375
2023-06-01,177.7637939453125,129.14845275878906,325.5962829589844,407.0284729003906
2023-06-02,178.61268615722656,131.86129760742188,328.3570556640625,412.91455078125
2023-06-05,177.26040649414062,130.5658721923828,328.88568115234375,412.1233215332031
2023-06-06,176.8951873779297,130.80056762695312,326.6732177734375,413.0207214355469
2023-06-07,175.5231475830078,132.06784057617188,316.5894775390625,411.5925598144531
2023-06-08,178.2375946044922,132.1053924560547,318.4299621582031,414.0821533203125
2023-06-09,178.62257385253906,132.36822509765625,319.9278869628906,414.82513427734375
2023-06-12,181.41603088378906,132.35885620117188,324.8816223144531,418.5883483886719
2023-06-13,180.94224548339844,133.31631469726562,327.2703857421875,421.34808349609375
2023-06-14,181.57395935058594,132.81878662109375,330.2563171386719,421.849853515625
2023-06-15,183.6073455810547,134.3207550048828,340.7904052734375,427.079833984375
2023-06-16,182.53143310546875,134.48031616210938,335.1415100097656,425.6250305175781
2023-06-20,182.62025451660156,133.79505920410156,330.9513854980469,423.4168395996094
2023-06-21,181.58383178710938,133.59796142578125,326.5556945800781,421.2474060058594
2023-06-22,184.58456420898438,131.02586364746094,332.5765380859375,422.7679748535156
2023-06-23,184.26870727539062,130.34059143066406,327.9850158691406,419.5718078613281
2023-06-26,182.87692260742188,130.6597442626953,321.6998596191406,417.8575439453125
2023-06-27,185.63087463378906,130.66912841796875,327.5444641113281,422.4386901855469
2023-06-28,186.8055419921875,130.09652709960938,328.7976379394531,422.6517639160156
2023-06-29,187.14111328125,134.639892578125,328.01434326171875,424.31756591796875
2023-06-30,191.4645233154297,136.52674865722656,333.3891296386719,429.3248596191406
2023-07-03,189.9740447998047,137.62506103515625,330.8926696777344,429.8188171386719
2023-07-05,188.85865783691406,136.7082061767578,331.04931640625,429.1795654296875
2023-07-06,189.33242797851562,135.35665893554688,334.1037902832031,425.81878662109375
2023-07-07,188.217041015625,136.42465209960938,330.1387939453125,424.7436828613281
2023-07-10,186.1737518310547,137.1902618408203,324.8620300292969,425.81878662109375
2023-07-11,185.65061950683594,139.33575439453125,325.4885559082031,428.5306396484375
2023-07-12,187.3188018798828,140.02574157714844,330.1192932128906,431.9786071777344
2023-07-13,188.07882690429688,140.70623779296875,335.4645690917969,435.4070739746094
2023-07-14,188.22689819335938,141.55690002441406,337.9904479980469,435.1359558105469
2023-07-17,191.48428344726562,144.9689178466797,338.4701232910156,436.64678955078125
2023-07-18,191.22760009765625,145.2335662841797,351.9411926269531,439.8913269042969
2023-07-19,192.5799102783203,145.79119873046875,347.6238098144531,440.86956787109375
2023-07-20,190.63540649414062,147.5870361328125,339.5861511230469,437.94464111328125
2023-07-21,189.4607696533203,146.45285034179688,336.5513610839844,437.94464111328125
2023-07-24,190.26028442382812,149.33558654785156,337.8631286621094,439.9009704589844
2023-07-25,191.1190185546875,148.22030639648438,343.6099853515625,441.1020202636719
2023-07-26,191.98768615722656,149.1087188720703,330.67730712890625,441.1697692871094
2023-07-27,190.72421264648438,147.46417236328125,323.7752685546875,438.244873046875
2023-07-28,193.30050659179688,148.3053741455078,331.2646484375,442.5354309082031
2023-07-31,193.91250610351562,149.29779052734375,328.8661804199219,443.3780822753906
2023-08-01,193.08335876464844,148.560546875,329.27734375,442.1092834472656
2023-08-02,190.0924530029297,146.87814331054688,320.6229248046875,435.9591979980469
2023-08-03,188.70068359375,147.77606201171875,319.8006286621094,434.7098083496094
2023-08-04,179.6392364501953,147.46417236328125,320.89703369140625,432.7436218261719
2023-08-07,176.53985595703125,148.1635284423828,323.1781005859375,436.5209655761719
2023-08-08,177.47755432128906,147.3318328857422,319.203369140625,434.62261962890625
2023-08-09,175.8883514404297,145.35643005371094,315.4635925292969,431.7170715332031
2023-08-10,175.6711883544922,145.13905334472656,316.1489562988281,431.8720397949219
2023-08-11,175.7305145263672,145.98023986816406,314.26922607421875,431.62017822265625
2023-08-14,177.3811798095703,146.28269958496094,317.2356262207031,434.00274658203125
2023-08-15,175.39442443847656,142.5587921142578,315.1014099121094,428.94708251953125
2023-08-16,174.52464294433594,141.95387268066406,314.3361511230469,425.7994384765625
2023-08-17,171.98440551757812,140.47940063476562,310.8828125,422.55487060546875
2023-08-18,172.46875,140.80076599121094,310.4903564453125,422.7582702636719
2023-08-21,173.80308532714844,141.28280639648438,315.7881774902344,425.50885009765625
2023-08-22,175.17698669433594,138.352783203125,316.3571472167969,424.3563232421875
2023-08-23,179.02195739746094,139.2884979248047,320.81121826171875,429.082763671875
2023-08-24,174.33682250976562,139.15615844726562,313.9142761230469,423.135986328125
2023-08-25,176.54100036621094,138.9860382080078,316.86737060546875,426.1190185546875
2023-08-28,178.1027069091797,139.4680938720703,317.57373046875,428.82122802734375
2023-08-29,181.98715209960938,140.60227966308594,322.1945495605469,435.0197448730469
2023-08-30,185.4762725830078,140.03518676757812,322.5673522949219,436.8114929199219
2023-08-31,185.69374084472656,138.30555725097656,321.556884765625,436.1722412109375
2023-09-01,187.26531982421875,138.7686767578125,322.4398498535156,436.98583984375
2023-09-05,187.50253295898438,137.2375030517578,327.2372131347656,435.0971984863281
2023-09-06,180.79119873046875,137.01068115234375,326.5799560546875,432.1722717285156
2023-09-07,175.50314331054688,135.8386688232422,323.6661682128906,430.8453674316406
2023-09-08,176.115966796875,135.942626953125,327.94366455078125,431.4942932128906
2023-09-11,177.28231811523438,136.53811645507812,331.5442199707031,434.33209228515625
2023-09-12,174.2577667236328,138.3149871826172,325.490966796875,431.9495544433594
2023-09-13,172.19198608398438,138.3811492919922,329.6997375488281,432.4531555175781
2023-09-14,173.7042694091797,141.06541442871094,332.2898254394531,436.1819152832031
2023-09-15,172.98269653320312,140.64955139160156,323.9703063964844,430.9266662597656
2023-09-18,175.90841674804688,140.94253540039062,322.832275390625,431.1793518066406
2023-09-19,176.99566650390625,140.76295471191406,322.4299621582031,430.2851867675781
2023-09-20,173.4571533203125,140.16749572753906,314.6991271972656,426.3294677734375
2023-09-21,171.91522216796875,139.07110595703125,313.48260498046875,419.28289794921875
2023-09-22,172.76524353027344,137.7384490966797,311.01031494140625,418.3401184082031
2023-09-25,174.04031372070312,138.41896057128906,311.5303039550781,420.099365234375
2023-09-26,169.96804809570312,136.9822998046875,306.23248291015625,413.9275207519531
2023-09-27,168.4557647705078,137.78567504882812,306.8702087402344,414.0927429199219
2023-09-28,168.7127685546875,139.49644470214844,307.7040710449219,416.4934387207031
2023-09-29,169.22674560546875,137.06735229492188,309.7742004394531,415.482666015625
2023-10-02,171.73728942871094,135.88592529296875,315.7096862792969,415.31744384765625
2023-10-03,170.4029541015625,134.884033203125,307.45880126953125,409.7579650878906
2023-10-04,171.6483612060547,135.4889678955078,312.9234313964844,412.7417907714844
2023-10-05,172.88385009765625,136.0602264404297,313.3157958984375,412.58624267578125
2023-10-06,175.43399047851562,138.15493774414062,321.0663146972656,417.48486328125
2023-10-09,176.9166259765625,137.84072875976562,323.57781982421875,420.1576843261719
2023-10-10,176.32354736328125,138.67861938476562,322.1749572753906,422.34454345703125
2023-10-11,177.7172088623047,139.1546630859375,326.12860107421875,424.0744934082031
2023-10-12,178.61668395996094,138.8309326171875,324.89251708984375,421.4892272949219
2023-10-13,176.7782440185547,140.91615295410156,321.5274963378906,419.3897705078125
2023-10-16,176.6497039794922,140.7733154296875,326.34454345703125,423.8023681640625
2023-10-17,175.097900390625,140.4686279296875,325.7754821777344,423.7829284667969
2023-10-18,173.80308532714844,138.92617797851562,323.86236572265625,418.1360168457031
2023-10-19,173.42750549316406,138.33583068847656,325.04949951171875,414.46209716796875
2023-10-20,170.8773956298828,136.1078338623047,320.48748779296875,409.36920166015625
2023-10-23,170.99598693847656,134.25119018554688,323.0873718261719,408.6596984863281
2023-10-24,171.430908203125,134.4130401611328,324.2745056152344,411.7406921386719
2023-10-25,169.1179962158203,133.6798858642578,334.2225646972656,405.8313293457031
2023-10-26,164.95677185058594,134.0226593017578,321.6844177246094,400.97161865234375
2023-10-27,166.2713623046875,129.19532775878906,323.5680847167969,399.1541442871094
2023-10-30,168.3173828125,130.842529296875,330.9261474609375,403.92633056640625
2023-10-31,168.7918243408203,132.40403747558594,331.7109375,406.46307373046875
2023-11-01,171.9547576904297,132.28977966308594,339.5202941894531,410.7978820800781
2023-11-02,175.51304626464844,134.65110778808594,341.727783203125,418.67059326171875
2023-11-03,174.6037139892578,136.1554718017578,346.12298583984375,422.49029541015625
2023-11-06,177.15380859375,137.1837615966797,349.7823181152344,423.4622802734375
2023-11-07,179.71383666992188,137.11712646484375,353.7066955566406,424.66741943359375
2023-11-08,180.77142333984375,137.79312133789062,356.32611083984375,424.9783935546875
2023-11-09,180.29698181152344,137.3837127685547,353.86358642578125,421.66412353515625
2023-11-10,184.4834747314453,139.42129516601562,362.67364501953125,428.2441101074219
2023-11-13,182.89996337890625,138.8023681640625,359.7402648925781,427.8359069824219
2023-11-14,185.51278686523438,141.3350830078125,363.2623596191406,436.13629150390625
2023-11-15,186.07693481445312,142.57284545898438,363.4097900390625,437.0596008300781
2023-11-16,187.75946044921875,144.2010040283203,369.7996826171875,437.59417724609375
2023-11-17,187.7396697998047,145.50543212890625,363.5867004394531,438.138427734375
2023-11-20,189.4815673828125,145.95294189453125,371.0482177734375,441.51104736328125
2023-11-21,188.6798858642578,145.64825439453125,366.75225830078125,440.54876708984375
2023-11-22,189.343017578125,145.9910430908203,371.4512634277344,442.24969482421875
2023-11-24,188.0167694091797,146.1909637451172,371.0383605957031,442.5218200683594
2023-11-27,187.83863830566406,145.85772705078125,372.1983947753906,441.724853515625
2023-11-28,188.44236755371094,146.1909637451172,376.21917724609375,442.1622314453125
2023-11-29,187.42295837402344,146.93365478515625,372.434326171875,441.8511962890625
2023-11-30,187.99700927734375,148.60939025878906,372.4933166503906,443.5909729003906
2023-12-01,189.2737274169922,149.3330078125,368.1678466796875,446.2152099609375
2023-12-04,187.48233032226562,150.427978515625,362.88873291015625,443.872802734375
2023-12-05,191.43133544921875,150.40896606445312,366.2115173339844,443.7853698730469
2023-12-06,190.3426513671875,148.82838439941406,362.55450439453125,441.9970397949219
2023-12-07,192.27256774902344,149.285400390625,364.6681213378906,445.3696594238281
2023-12-08,193.69778442382812,150.93260192871094,367.8925476074219,447.28436279296875
2023-12-11,191.1937713623047,151.48484802246094,365.01214599609375,449.0240783691406
2023-12-12,192.70806884765625,152.83689880371094,368.0400390625,451.07489013671875
2023-12-13,195.9246368408203,153.35104370117188,368.0301818847656,457.2952880859375
2023-12-14,196.07310485839844,156.1407928466797,359.7331237792969,458.762939453125
2023-12-15,195.53866577148438,157.3214111328125,364.4518737792969,458.007568359375
2023-12-18,193.87591552734375,158.27357482910156,366.33929443359375,460.5838928222656
2023-12-19,194.9151153564453,160.38731384277344,366.93896484375,463.3846130371094
2023-12-20,192.82681274414062,158.5782928466797,364.3436584472656,456.9633483886719
2023-12-21,192.67832946777344,159.48280334472656,367.2142333984375,461.2962951660156
2023-12-22,191.60946655273438,159.38755798339844,368.23663330078125,462.2232971191406
2023-12-26,191.0651092529297,160.3302001953125,368.3152770996094,464.1750793457031
2023-12-27,191.16407775878906,161.29183959960938,367.7353210449219,465.0143127441406
2023-12-28,191.5896759033203,162.14878845214844,368.9247741699219,465.1899719238281
2023-12-29,190.5504913330078,161.9583740234375,369.67193603515625,463.8432922363281
